,Precision,Recall,Zeroed,NmrNeighbors,NmrRecommendations
0,0.1,0,848,2,1
1,0.09,0.01,725,2,3
2,0.09,0.02,635,2,5
3,0.1,0.03,547,2,7
4,0.1,0.03,485,2,9
5,0.1,0.04,453,2,11
6,0.1,0.04,434,2,13
7,0.1,0.04,428,2,15
8,0.1,0.05,403,2,17
9,0.1,0.05,380,2,19
10,0.1,0.05,378,2,21
11,0.1,0.06,357,2,23
12,0.1,0.06,343,2,25
13,0.1,0.06,329,2,27
14,0.1,0.07,322,2,29
15,0.1,0.07,326,2,31
16,0.09,0.07,327,2,33
17,0.09,0.07,327,2,35
18,0.09,0.07,317,2,37
19,0.09,0.08,306,2,39
20,0.09,0.08,303,2,41
21,0.09,0.08,299,2,43
22,0.09,0.08,289,2,45
23,0.09,0.08,286,2,47
24,0.09,0.08,280,2,49
25,0.09,0.09,277,2,51
26,0.09,0.09,272,2,53
27,0.09,0.09,267,2,55
28,0.09,0.09,260,2,57
29,0.09,0.09,261,2,59
30,0.09,0.1,260,2,61
31,0.09,0.1,256,2,63
32,0.09,0.1,256,2,65
33,0.09,0.1,254,2,67
34,0.09,0.1,249,2,69
35,0.09,0.1,257,2,71
36,0.09,0.1,254,2,73
37,0.09,0.1,254,2,75
38,0.09,0.1,251,2,77
39,0.09,0.1,259,2,79
40,0.09,0.1,257,2,81
41,0.09,0.1,254,2,83
42,0.09,0.1,256,2,85
43,0.09,0.1,260,2,87
44,0.09,0.1,256,2,89
45,0.09,0.1,256,2,91
46,0.09,0.1,256,2,93
47,0.09,0.1,259,2,95
48,0.09,0.1,259,2,97
49,0.09,0.1,258,2,99
50,0.16,0.01,792,4,1
51,0.14,0.02,619,4,3
52,0.14,0.03,507,4,5
53,0.13,0.03,450,4,7
54,0.13,0.04,397,4,9
55,0.12,0.04,379,4,11
56,0.11,0.05,339,4,13
57,0.11,0.06,316,4,15
58,0.11,0.06,288,4,17
59,0.11,0.07,259,4,19
60,0.11,0.08,243,4,21
61,0.1,0.08,229,4,23
62,0.1,0.09,216,4,25
63,0.1,0.09,203,4,27
64,0.1,0.1,187,4,29
65,0.1,0.1,178,4,31
66,0.1,0.11,165,4,33
67,0.1,0.11,154,4,35
68,0.1,0.12,147,4,37
69,0.1,0.12,143,4,39
70,0.09,0.13,140,4,41
71,0.09,0.13,139,4,43
72,0.09,0.13,139,4,45
73,0.09,0.14,134,4,47
74,0.09,0.14,134,4,49
75,0.09,0.15,125,4,51
76,0.09,0.15,124,4,53
77,0.09,0.15,125,4,55
78,0.09,0.16,120,4,57
79,0.09,0.16,125,4,59
80,0.09,0.16,121,4,61
81,0.09,0.17,117,4,63
82,0.09,0.17,115,4,65
83,0.09,0.17,109,4,67
84,0.09,0.18,109,4,69
85,0.09,0.18,101,4,71
86,0.09,0.18,103,4,73
87,0.09,0.18,100,4,75
88,0.09,0.19,102,4,77
89,0.09,0.19,100,4,79
90,0.08,0.19,101,4,81
91,0.08,0.2,102,4,83
92,0.09,0.2,100,4,85
93,0.08,0.2,93,4,87
94,0.09,0.2,96,4,89
95,0.08,0.2,91,4,91
96,0.09,0.2,92,4,93
97,0.09,0.21,89,4,95
98,0.09,0.21,82,4,97
99,0.08,0.21,85,4,99
100,0.18,0.01,771,6,1
101,0.18,0.02,562,6,3
102,0.16,0.03,467,6,5
103,0.15,0.04,407,6,7
104,0.14,0.04,367,6,9
105,0.14,0.05,321,6,11
106,0.13,0.06,294,6,13
107,0.13,0.07,268,6,15
108,0.12,0.07,250,6,17
109,0.12,0.08,224,6,19
110,0.12,0.08,210,6,21
111,0.12,0.09,193,6,23
112,0.11,0.1,184,6,25
113,0.11,0.1,179,6,27
114,0.11,0.11,170,6,29
115,0.11,0.11,160,6,31
116,0.11,0.12,151,6,33
117,0.11,0.12,143,6,35
118,0.1,0.13,137,6,37
119,0.1,0.13,134,6,39
120,0.1,0.14,131,6,41
121,0.1,0.14,121,6,43
122,0.1,0.15,113,6,45
123,0.1,0.15,111,6,47
124,0.1,0.16,108,6,49
125,0.1,0.16,101,6,51
126,0.09,0.16,97,6,53
127,0.09,0.17,94,6,55
128,0.09,0.17,89,6,57
129,0.09,0.18,89,6,59
130,0.09,0.18,87,6,61
131,0.09,0.18,83,6,63
132,0.09,0.19,77,6,65
133,0.09,0.19,76,6,67
134,0.09,0.2,71,6,69
135,0.09,0.2,67,6,71
136,0.09,0.2,66,6,73
137,0.09,0.21,64,6,75
138,0.09,0.21,64,6,77
139,0.09,0.22,63,6,79
140,0.08,0.22,63,6,81
141,0.08,0.22,61,6,83
142,0.08,0.23,60,6,85
143,0.08,0.23,57,6,87
144,0.08,0.23,59,6,89
145,0.08,0.24,56,6,91
146,0.08,0.24,58,6,93
147,0.08,0.25,52,6,95
148,0.08,0.25,49,6,97
149,0.08,0.25,50,6,99
150,0.18,0.01,774,8,1
151,0.17,0.02,576,8,3
152,0.17,0.03,462,8,5
153,0.16,0.04,399,8,7
154,0.15,0.05,355,8,9
155,0.15,0.06,311,8,11
156,0.14,0.06,271,8,13
157,0.14,0.07,247,8,15
158,0.13,0.08,224,8,17
159,0.13,0.09,210,8,19
160,0.13,0.09,198,8,21
161,0.13,0.1,184,8,23
162,0.12,0.1,175,8,25
163,0.12,0.11,168,8,27
164,0.12,0.12,153,8,29
165,0.12,0.12,138,8,31
166,0.12,0.13,130,8,33
167,0.11,0.13,126,8,35
168,0.11,0.14,118,8,37
169,0.11,0.14,115,8,39
170,0.11,0.15,112,8,41
171,0.11,0.15,110,8,43
172,0.11,0.16,107,8,45
173,0.1,0.16,98,8,47
174,0.1,0.17,97,8,49
175,0.1,0.17,92,8,51
176,0.1,0.17,88,8,53
177,0.1,0.18,85,8,55
178,0.1,0.18,81,8,57
179,0.1,0.19,79,8,59
180,0.1,0.19,77,8,61
181,0.1,0.2,74,8,63
182,0.1,0.2,70,8,65
183,0.09,0.2,68,8,67
184,0.09,0.21,66,8,69
185,0.09,0.21,64,8,71
186,0.09,0.22,64,8,73
187,0.09,0.22,63,8,75
188,0.09,0.22,61,8,77
189,0.09,0.23,61,8,79
190,0.09,0.23,60,8,81
191,0.09,0.23,58,8,83
192,0.09,0.24,55,8,85
193,0.09,0.24,51,8,87
194,0.09,0.25,51,8,89
195,0.09,0.25,50,8,91
196,0.09,0.26,48,8,93
197,0.08,0.26,47,8,95
198,0.08,0.26,44,8,97
199,0.08,0.27,44,8,99
200,0.2,0.01,755,10,1
201,0.17,0.02,575,10,3
202,0.17,0.03,452,10,5
203,0.16,0.04,391,10,7
204,0.16,0.05,341,10,9
205,0.15,0.06,300,10,11
206,0.15,0.06,276,10,13
207,0.14,0.07,251,10,15
208,0.14,0.08,231,10,17
209,0.14,0.09,213,10,19
210,0.13,0.09,194,10,21
211,0.13,0.1,181,10,23
212,0.13,0.11,174,10,25
213,0.13,0.12,154,10,27
214,0.13,0.12,146,10,29
215,0.12,0.13,130,10,31
216,0.12,0.13,124,10,33
217,0.12,0.14,116,10,35
218,0.12,0.15,110,10,37
219,0.12,0.15,109,10,39
220,0.11,0.16,105,10,41
221,0.11,0.16,100,10,43
222,0.11,0.16,98,10,45
223,0.11,0.17,95,10,47
224,0.11,0.17,89,10,49
225,0.11,0.18,85,10,51
226,0.11,0.18,80,10,53
227,0.1,0.19,76,10,55
228,0.1,0.2,74,10,57
229,0.1,0.2,68,10,59
230,0.1,0.2,66,10,61
231,0.1,0.21,65,10,63
232,0.1,0.21,64,10,65
233,0.1,0.22,62,10,67
234,0.1,0.22,60,10,69
235,0.1,0.23,57,10,71
236,0.1,0.23,53,10,73
237,0.1,0.23,52,10,75
238,0.09,0.24,51,10,77
239,0.09,0.24,50,10,79
240,0.09,0.25,49,10,81
241,0.09,0.25,47,10,83
242,0.09,0.25,47,10,85
243,0.09,0.26,44,10,87
244,0.09,0.26,41,10,89
245,0.09,0.26,39,10,91
246,0.09,0.27,39,10,93
247,0.09,0.27,36,10,95
248,0.09,0.28,36,10,97
249,0.09,0.28,36,10,99
250,0.21,0.01,740,12,1
251,0.19,0.02,548,12,3
252,0.18,0.03,454,12,5
253,0.17,0.04,384,12,7
254,0.16,0.05,346,12,9
255,0.15,0.06,310,12,11
256,0.15,0.06,277,12,13
257,0.15,0.07,258,12,15
258,0.14,0.08,236,12,17
259,0.14,0.09,223,12,19
260,0.14,0.09,201,12,21
261,0.13,0.1,180,12,23
262,0.13,0.11,169,12,25
263,0.13,0.12,156,12,27
264,0.13,0.12,144,12,29
265,0.13,0.13,132,12,31
266,0.13,0.14,125,12,33
267,0.12,0.14,120,12,35
268,0.12,0.15,114,12,37
269,0.12,0.15,109,12,39
270,0.12,0.16,106,12,41
271,0.12,0.17,101,12,43
272,0.12,0.17,97,12,45
273,0.11,0.18,88,12,47
274,0.11,0.18,84,12,49
275,0.11,0.19,79,12,51
276,0.11,0.19,78,12,53
277,0.11,0.2,73,12,55
278,0.11,0.2,68,12,57
279,0.11,0.21,66,12,59
280,0.11,0.21,66,12,61
281,0.1,0.21,61,12,63
282,0.1,0.22,59,12,65
283,0.1,0.22,58,12,67
284,0.1,0.23,54,12,69
285,0.1,0.23,52,12,71
286,0.1,0.23,51,12,73
287,0.1,0.24,49,12,75
288,0.1,0.24,47,12,77
289,0.1,0.25,46,12,79
290,0.1,0.25,45,12,81
291,0.1,0.26,43,12,83
292,0.09,0.26,41,12,85
293,0.09,0.26,40,12,87
294,0.09,0.27,39,12,89
295,0.09,0.27,38,12,91
296,0.09,0.27,37,12,93
297,0.09,0.28,34,12,95
298,0.09,0.28,34,12,97
299,0.09,0.28,34,12,99
300,0.23,0.01,727,14,1
301,0.21,0.02,515,14,3
302,0.19,0.03,437,14,5
303,0.18,0.04,381,14,7
304,0.17,0.05,335,14,9
305,0.16,0.06,306,14,11
306,0.15,0.07,283,14,13
307,0.15,0.07,262,14,15
308,0.14,0.08,249,14,17
309,0.14,0.09,226,14,19
310,0.14,0.09,210,14,21
311,0.14,0.1,192,14,23
312,0.13,0.11,182,14,25
313,0.13,0.12,166,14,27
314,0.13,0.12,154,14,29
315,0.13,0.13,148,14,31
316,0.13,0.13,143,14,33
317,0.13,0.14,128,14,35
318,0.12,0.15,121,14,37
319,0.12,0.16,112,14,39
320,0.12,0.16,100,14,41
321,0.12,0.17,95,14,43
322,0.12,0.17,92,14,45
323,0.12,0.18,86,14,47
324,0.12,0.19,82,14,49
325,0.12,0.19,79,14,51
326,0.11,0.2,75,14,53
327,0.11,0.2,71,14,55
328,0.11,0.21,67,14,57
329,0.11,0.21,65,14,59
330,0.11,0.22,60,14,61
331,0.11,0.22,58,14,63
332,0.11,0.23,57,14,65
333,0.11,0.23,53,14,67
334,0.11,0.23,50,14,69
335,0.1,0.24,45,14,71
336,0.1,0.24,44,14,73
337,0.1,0.25,41,14,75
338,0.1,0.25,38,14,77
339,0.1,0.26,37,14,79
340,0.1,0.26,37,14,81
341,0.1,0.26,33,14,83
342,0.1,0.27,32,14,85
343,0.1,0.27,31,14,87
344,0.1,0.27,30,14,89
345,0.09,0.28,27,14,91
346,0.09,0.28,27,14,93
347,0.09,0.29,27,14,95
348,0.09,0.29,27,14,97
349,0.09,0.29,27,14,99
350,0.25,0.01,711,16,1
351,0.21,0.02,514,16,3
352,0.2,0.03,408,16,5
353,0.18,0.04,359,16,7
354,0.17,0.05,322,16,9
355,0.16,0.06,296,16,11
356,0.16,0.07,273,16,13
357,0.15,0.07,246,16,15
358,0.15,0.08,225,16,17
359,0.14,0.09,211,16,19
360,0.14,0.09,198,16,21
361,0.14,0.1,183,16,23
362,0.13,0.11,172,16,25
363,0.13,0.11,166,16,27
364,0.13,0.12,152,16,29
365,0.13,0.13,141,16,31
366,0.13,0.14,134,16,33
367,0.13,0.14,124,16,35
368,0.12,0.15,111,16,37
369,0.12,0.16,107,16,39
370,0.12,0.16,100,16,41
371,0.12,0.17,95,16,43
372,0.12,0.18,89,16,45
373,0.12,0.18,85,16,47
374,0.12,0.19,77,16,49
375,0.12,0.19,72,16,51
376,0.12,0.2,67,16,53
377,0.12,0.2,65,16,55
378,0.11,0.21,61,16,57
379,0.11,0.22,56,16,59
380,0.11,0.22,52,16,61
381,0.11,0.23,46,16,63
382,0.11,0.23,41,16,65
383,0.11,0.24,39,16,67
384,0.11,0.24,35,16,69
385,0.11,0.25,34,16,71
386,0.11,0.25,33,16,73
387,0.11,0.26,33,16,75
388,0.1,0.26,33,16,77
389,0.1,0.27,32,16,79
390,0.1,0.27,30,16,81
391,0.1,0.27,28,16,83
392,0.1,0.28,26,16,85
393,0.1,0.28,23,16,87
394,0.1,0.28,21,16,89
395,0.1,0.29,21,16,91
396,0.1,0.29,20,16,93
397,0.1,0.29,19,16,95
398,0.1,0.3,19,16,97
399,0.09,0.3,19,16,99
400,0.26,0.01,695,18,1
401,0.22,0.02,506,18,3
402,0.2,0.03,408,18,5
403,0.18,0.04,357,18,7
404,0.17,0.05,314,18,9
405,0.17,0.06,287,18,11
406,0.16,0.07,264,18,13
407,0.15,0.07,239,18,15
408,0.15,0.08,217,18,17
409,0.14,0.09,207,18,19
410,0.14,0.09,196,18,21
411,0.14,0.1,180,18,23
412,0.14,0.11,171,18,25
413,0.13,0.11,163,18,27
414,0.13,0.12,155,18,29
415,0.13,0.13,146,18,31
416,0.13,0.13,138,18,33
417,0.13,0.14,128,18,35
418,0.12,0.15,122,18,37
419,0.12,0.15,110,18,39
420,0.12,0.16,103,18,41
421,0.12,0.17,98,18,43
422,0.12,0.17,96,18,45
423,0.12,0.18,90,18,47
424,0.12,0.19,84,18,49
425,0.12,0.19,81,18,51
426,0.12,0.2,73,18,53
427,0.12,0.2,65,18,55
428,0.11,0.21,64,18,57
429,0.11,0.22,61,18,59
430,0.11,0.22,58,18,61
431,0.11,0.23,56,18,63
432,0.11,0.23,53,18,65
433,0.11,0.24,49,18,67
434,0.11,0.24,46,18,69
435,0.11,0.25,44,18,71
436,0.11,0.25,42,18,73
437,0.11,0.26,39,18,75
438,0.11,0.27,38,18,77
439,0.11,0.27,36,18,79
440,0.1,0.27,36,18,81
441,0.1,0.28,34,18,83
442,0.1,0.28,34,18,85
443,0.1,0.28,31,18,87
444,0.1,0.29,28,18,89
445,0.1,0.29,28,18,91
446,0.1,0.3,26,18,93
447,0.1,0.3,26,18,95
448,0.1,0.31,26,18,97
449,0.1,0.31,26,18,99
450,0.27,0.01,686,20,1
451,0.23,0.02,503,20,3
452,0.2,0.04,409,20,5
453,0.19,0.04,351,20,7
454,0.18,0.05,306,20,9
455,0.17,0.06,280,20,11
456,0.16,0.07,258,20,13
457,0.16,0.07,248,20,15
458,0.15,0.08,236,20,17
459,0.15,0.09,221,20,19
460,0.14,0.09,208,20,21
461,0.14,0.1,198,20,23
462,0.14,0.11,187,20,25
463,0.13,0.11,178,20,27
464,0.13,0.12,171,20,29
465,0.13,0.12,157,20,31
466,0.13,0.13,145,20,33
467,0.13,0.14,138,20,35
468,0.12,0.14,129,20,37
469,0.12,0.15,123,20,39
470,0.12,0.16,111,20,41
471,0.12,0.17,104,20,43
472,0.12,0.17,97,20,45
473,0.12,0.18,95,20,47
474,0.12,0.18,93,20,49
475,0.12,0.19,89,20,51
476,0.12,0.2,84,20,53
477,0.12,0.2,82,20,55
478,0.12,0.21,77,20,57
479,0.12,0.21,73,20,59
480,0.11,0.22,69,20,61
481,0.11,0.23,65,20,63
482,0.11,0.23,61,20,65
483,0.11,0.24,59,20,67
484,0.11,0.24,53,20,69
485,0.11,0.25,51,20,71
486,0.11,0.25,48,20,73
487,0.11,0.26,48,20,75
488,0.11,0.26,48,20,77
489,0.11,0.27,44,20,79
490,0.11,0.27,40,20,81
491,0.1,0.28,38,20,83
492,0.1,0.28,37,20,85
493,0.1,0.29,36,20,87
494,0.1,0.29,35,20,89
495,0.1,0.29,33,20,91
496,0.1,0.3,33,20,93
497,0.1,0.3,31,20,95
498,0.1,0.31,31,20,97
499,0.1,0.31,30,20,99
500,0.26,0.01,701,22,1
501,0.23,0.03,501,22,3
502,0.21,0.04,385,22,5
503,0.19,0.05,325,22,7
504,0.18,0.06,284,22,9
505,0.17,0.06,264,22,11
506,0.17,0.07,245,22,13
507,0.16,0.08,230,22,15
508,0.16,0.09,212,22,17
509,0.15,0.09,206,22,19
510,0.15,0.1,194,22,21
511,0.14,0.1,187,22,23
512,0.14,0.11,180,22,25
513,0.14,0.12,172,22,27
514,0.13,0.12,168,22,29
515,0.13,0.13,157,22,31
516,0.13,0.13,149,22,33
517,0.13,0.14,139,22,35
518,0.12,0.14,133,22,37
519,0.12,0.15,130,22,39
520,0.12,0.15,122,22,41
521,0.12,0.16,116,22,43
522,0.12,0.17,108,22,45
523,0.12,0.17,102,22,47
524,0.12,0.18,96,22,49
525,0.12,0.19,90,22,51
526,0.12,0.19,86,22,53
527,0.12,0.2,83,22,55
528,0.12,0.21,76,22,57
529,0.12,0.21,72,22,59
530,0.11,0.22,68,22,61
531,0.11,0.23,64,22,63
532,0.11,0.23,63,22,65
533,0.11,0.24,60,22,67
534,0.11,0.24,57,22,69
535,0.11,0.25,57,22,71
536,0.11,0.26,51,22,73
537,0.11,0.26,45,22,75
538,0.11,0.27,43,22,77
539,0.11,0.27,42,22,79
540,0.11,0.28,40,22,81
541,0.11,0.28,38,22,83
542,0.11,0.29,36,22,85
543,0.1,0.29,36,22,87
544,0.1,0.29,35,22,89
545,0.1,0.3,35,22,91
546,0.1,0.3,34,22,93
547,0.1,0.31,32,22,95
548,0.1,0.31,30,22,97
549,0.1,0.32,29,22,99
550,0.27,0.01,684,24,1
551,0.24,0.03,480,24,3
552,0.21,0.04,386,24,5
553,0.2,0.05,328,24,7
554,0.19,0.06,297,24,9
555,0.18,0.06,267,24,11
556,0.17,0.07,249,24,13
557,0.16,0.08,233,24,15
558,0.16,0.08,212,24,17
559,0.15,0.09,196,24,19
560,0.15,0.1,188,24,21
561,0.14,0.1,175,24,23
562,0.14,0.11,169,24,25
563,0.14,0.11,161,24,27
564,0.13,0.12,154,24,29
565,0.13,0.12,152,24,31
566,0.13,0.13,146,24,33
567,0.13,0.14,141,24,35
568,0.12,0.14,138,24,37
569,0.12,0.15,134,24,39
570,0.12,0.15,127,24,41
571,0.12,0.16,121,24,43
572,0.12,0.16,112,24,45
573,0.12,0.17,105,24,47
574,0.12,0.18,101,24,49
575,0.12,0.18,95,24,51
576,0.12,0.19,93,24,53
577,0.11,0.2,84,24,55
578,0.11,0.2,77,24,57
579,0.11,0.21,73,24,59
580,0.11,0.22,70,24,61
581,0.11,0.22,64,24,63
582,0.11,0.23,62,24,65
583,0.11,0.24,60,24,67
584,0.11,0.24,58,24,69
585,0.11,0.25,54,24,71
586,0.11,0.25,52,24,73
587,0.11,0.26,49,24,75
588,0.11,0.26,46,24,77
589,0.11,0.27,44,24,79
590,0.11,0.27,41,24,81
591,0.11,0.28,40,24,83
592,0.11,0.29,39,24,85
593,0.11,0.29,38,24,87
594,0.1,0.29,36,24,89
595,0.1,0.3,35,24,91
596,0.1,0.3,35,24,93
597,0.1,0.31,34,24,95
598,0.1,0.31,33,24,97
599,0.1,0.32,30,24,99
600,0.27,0.01,683,26,1
601,0.25,0.03,457,26,3
602,0.22,0.04,369,26,5
603,0.2,0.05,315,26,7
604,0.19,0.06,274,26,9
605,0.18,0.07,249,26,11
606,0.17,0.07,230,26,13
607,0.16,0.08,215,26,15
608,0.16,0.09,196,26,17
609,0.15,0.09,185,26,19
610,0.15,0.1,179,26,21
611,0.14,0.11,170,26,23
612,0.14,0.11,163,26,25
613,0.14,0.12,155,26,27
614,0.13,0.12,147,26,29
615,0.13,0.13,146,26,31
616,0.13,0.13,143,26,33
617,0.13,0.14,136,26,35
618,0.12,0.14,133,26,37
619,0.12,0.15,129,26,39
620,0.12,0.15,125,26,41
621,0.12,0.16,118,26,43
622,0.12,0.16,111,26,45
623,0.12,0.17,106,26,47
624,0.12,0.18,96,26,49
625,0.12,0.18,94,26,51
626,0.11,0.19,92,26,53
627,0.11,0.19,88,26,55
628,0.11,0.2,86,26,57
629,0.11,0.21,81,26,59
630,0.11,0.21,76,26,61
631,0.11,0.22,75,26,63
632,0.11,0.22,72,26,65
633,0.11,0.23,67,26,67
634,0.11,0.24,64,26,69
635,0.11,0.24,59,26,71
636,0.11,0.25,55,26,73
637,0.11,0.26,52,26,75
638,0.11,0.26,50,26,77
639,0.11,0.27,49,26,79
640,0.11,0.27,48,26,81
641,0.11,0.28,45,26,83
642,0.11,0.28,41,26,85
643,0.11,0.29,39,26,87
644,0.11,0.29,36,26,89
645,0.1,0.3,34,26,91
646,0.1,0.3,34,26,93
647,0.1,0.31,31,26,95
648,0.1,0.31,30,26,97
649,0.1,0.32,29,26,99
650,0.29,0.01,670,28,1
651,0.24,0.03,458,28,3
652,0.22,0.04,371,28,5
653,0.2,0.05,302,28,7
654,0.19,0.06,266,28,9
655,0.18,0.07,241,28,11
656,0.17,0.08,221,28,13
657,0.17,0.08,206,28,15
658,0.16,0.09,194,28,17
659,0.15,0.1,185,28,19
660,0.15,0.1,177,28,21
661,0.15,0.11,170,28,23
662,0.14,0.11,166,28,25
663,0.14,0.12,158,28,27
664,0.13,0.12,154,28,29
665,0.13,0.13,151,28,31
666,0.13,0.13,146,28,33
667,0.13,0.14,146,28,35
668,0.12,0.14,138,28,37
669,0.12,0.15,132,28,39
670,0.12,0.15,130,28,41
671,0.12,0.16,121,28,43
672,0.12,0.16,116,28,45
673,0.12,0.17,110,28,47
674,0.12,0.18,108,28,49
675,0.12,0.18,104,28,51
676,0.12,0.19,102,28,53
677,0.11,0.19,93,28,55
678,0.11,0.2,90,28,57
679,0.11,0.21,87,28,59
680,0.11,0.21,84,28,61
681,0.11,0.22,81,28,63
682,0.11,0.22,72,28,65
683,0.11,0.23,69,28,67
684,0.11,0.24,65,28,69
685,0.11,0.24,64,28,71
686,0.11,0.25,62,28,73
687,0.11,0.25,60,28,75
688,0.11,0.26,58,28,77
689,0.11,0.27,52,28,79
690,0.11,0.27,50,28,81
691,0.11,0.28,47,28,83
692,0.11,0.28,41,28,85
693,0.11,0.29,40,28,87
694,0.11,0.29,37,28,89
695,0.11,0.3,37,28,91
696,0.1,0.3,35,28,93
697,0.1,0.31,35,28,95
698,0.1,0.31,34,28,97
699,0.1,0.32,31,28,99
700,0.3,0.01,663,30,1
701,0.24,0.03,468,30,3
702,0.22,0.04,356,30,5
703,0.2,0.05,300,30,7
704,0.19,0.06,261,30,9
705,0.18,0.07,241,30,11
706,0.17,0.08,226,30,13
707,0.16,0.08,211,30,15
708,0.16,0.09,201,30,17
709,0.15,0.09,192,30,19
710,0.15,0.1,185,30,21
711,0.14,0.11,175,30,23
712,0.14,0.11,170,30,25
713,0.14,0.12,165,30,27
714,0.13,0.12,158,30,29
715,0.13,0.13,155,30,31
716,0.13,0.13,149,30,33
717,0.12,0.14,144,30,35
718,0.12,0.14,140,30,37
719,0.12,0.15,135,30,39
720,0.12,0.15,131,30,41
721,0.12,0.16,128,30,43
722,0.12,0.16,125,30,45
723,0.11,0.17,122,30,47
724,0.11,0.17,117,30,49
725,0.11,0.18,110,30,51
726,0.11,0.18,103,30,53
727,0.11,0.19,97,30,55
728,0.11,0.19,95,30,57
729,0.11,0.2,92,30,59
730,0.11,0.21,86,30,61
731,0.11,0.21,84,30,63
732,0.11,0.22,75,30,65
733,0.11,0.23,70,30,67
734,0.11,0.23,70,30,69
735,0.11,0.24,70,30,71
736,0.11,0.24,65,30,73
737,0.11,0.25,64,30,75
738,0.11,0.25,61,30,77
739,0.11,0.26,55,30,79
740,0.11,0.27,54,30,81
741,0.11,0.27,50,30,83
742,0.11,0.28,46,30,85
743,0.11,0.29,43,30,87
744,0.1,0.29,40,30,89
745,0.1,0.3,40,30,91
746,0.1,0.3,38,30,93
747,0.1,0.3,38,30,95
748,0.1,0.31,36,30,97
749,0.1,0.31,32,30,99
750,0.27,0.01,690,32,1
751,0.25,0.03,459,32,3
752,0.22,0.04,367,32,5
753,0.2,0.05,312,32,7
754,0.19,0.06,278,32,9
755,0.18,0.07,248,32,11
756,0.17,0.08,232,32,13
757,0.17,0.08,217,32,15
758,0.16,0.09,206,32,17
759,0.15,0.1,191,32,19
760,0.15,0.1,185,32,21
761,0.14,0.11,177,32,23
762,0.14,0.11,167,32,25
763,0.14,0.12,161,32,27
764,0.13,0.12,155,32,29
765,0.13,0.13,151,32,31
766,0.13,0.13,148,32,33
767,0.12,0.14,144,32,35
768,0.12,0.14,137,32,37
769,0.12,0.15,131,32,39
770,0.12,0.15,128,32,41
771,0.12,0.16,125,32,43
772,0.12,0.16,121,32,45
773,0.11,0.16,118,32,47
774,0.11,0.17,115,32,49
775,0.11,0.17,111,32,51
776,0.11,0.18,108,32,53
777,0.11,0.19,103,32,55
778,0.11,0.19,99,32,57
779,0.11,0.2,96,32,59
780,0.11,0.2,90,32,61
781,0.11,0.21,82,32,63
782,0.11,0.22,80,32,65
783,0.11,0.22,76,32,67
784,0.11,0.23,71,32,69
785,0.11,0.23,66,32,71
786,0.11,0.24,61,32,73
787,0.11,0.24,59,32,75
788,0.11,0.25,57,32,77
789,0.11,0.26,53,32,79
790,0.11,0.26,50,32,81
791,0.11,0.27,48,32,83
792,0.11,0.28,46,32,85
793,0.11,0.28,42,32,87
794,0.1,0.29,42,32,89
795,0.1,0.29,39,32,91
796,0.1,0.3,37,32,93
797,0.1,0.3,34,32,95
798,0.1,0.31,33,32,97
799,0.1,0.31,31,32,99
800,0.27,0.01,686,34,1
801,0.25,0.03,465,34,3
802,0.22,0.04,360,34,5
803,0.2,0.05,310,34,7
804,0.19,0.06,283,34,9
805,0.18,0.07,248,34,11
806,0.17,0.08,227,34,13
807,0.17,0.08,217,34,15
808,0.16,0.09,205,34,17
809,0.15,0.1,193,34,19
810,0.15,0.1,181,34,21
811,0.14,0.11,176,34,23
812,0.14,0.11,168,34,25
813,0.14,0.12,160,34,27
814,0.13,0.12,157,34,29
815,0.13,0.13,152,34,31
816,0.13,0.13,147,34,33
817,0.13,0.14,141,34,35
818,0.12,0.14,137,34,37
819,0.12,0.15,134,34,39
820,0.12,0.15,132,34,41
821,0.12,0.15,125,34,43
822,0.12,0.16,122,34,45
823,0.11,0.16,120,34,47
824,0.11,0.17,116,34,49
825,0.11,0.17,111,34,51
826,0.11,0.18,108,34,53
827,0.11,0.18,105,34,55
828,0.11,0.19,102,34,57
829,0.11,0.19,96,34,59
830,0.11,0.2,88,34,61
831,0.11,0.2,85,34,63
832,0.11,0.21,82,34,65
833,0.11,0.21,75,34,67
834,0.11,0.22,71,34,69
835,0.11,0.23,70,34,71
836,0.1,0.23,66,34,73
837,0.1,0.24,66,34,75
838,0.1,0.24,63,34,77
839,0.1,0.25,58,34,79
840,0.1,0.26,53,34,81
841,0.1,0.26,51,34,83
842,0.1,0.27,46,34,85
843,0.1,0.28,43,34,87
844,0.1,0.28,39,34,89
845,0.1,0.29,38,34,91
846,0.1,0.29,36,34,93
847,0.1,0.3,33,34,95
848,0.1,0.3,32,34,97
849,0.1,0.31,30,34,99
850,0.28,0.01,677,36,1
851,0.25,0.03,447,36,3
852,0.23,0.04,345,36,5
853,0.21,0.05,295,36,7
854,0.2,0.06,262,36,9
855,0.19,0.07,239,36,11
856,0.18,0.08,230,36,13
857,0.17,0.09,211,36,15
858,0.16,0.09,200,36,17
859,0.16,0.1,190,36,19
860,0.15,0.11,188,36,21
861,0.15,0.11,179,36,23
862,0.14,0.12,172,36,25
863,0.14,0.12,167,36,27
864,0.14,0.13,162,36,29
865,0.13,0.13,157,36,31
866,0.13,0.14,153,36,33
867,0.13,0.14,146,36,35
868,0.13,0.15,142,36,37
869,0.12,0.15,134,36,39
870,0.12,0.16,128,36,41
871,0.12,0.16,126,36,43
872,0.12,0.16,124,36,45
873,0.11,0.17,118,36,47
874,0.11,0.17,115,36,49
875,0.11,0.18,112,36,51
876,0.11,0.18,108,36,53
877,0.11,0.19,105,36,55
878,0.11,0.19,104,36,57
879,0.11,0.2,99,36,59
880,0.11,0.2,94,36,61
881,0.11,0.2,94,36,63
882,0.1,0.21,91,36,65
883,0.1,0.21,88,36,67
884,0.1,0.22,82,36,69
885,0.1,0.23,76,36,71
886,0.1,0.23,73,36,73
887,0.1,0.24,72,36,75
888,0.1,0.24,69,36,77
889,0.1,0.25,63,36,79
890,0.1,0.25,59,36,81
891,0.1,0.26,58,36,83
892,0.1,0.27,56,36,85
893,0.1,0.27,51,36,87
894,0.1,0.28,47,36,89
895,0.1,0.28,44,36,91
896,0.1,0.29,44,36,93
897,0.1,0.29,42,36,95
898,0.1,0.3,40,36,97
899,0.1,0.3,38,36,99
900,0.27,0.01,683,38,1
901,0.25,0.03,455,38,3
902,0.23,0.04,353,38,5
903,0.21,0.05,301,38,7
904,0.2,0.06,263,38,9
905,0.19,0.07,246,38,11
906,0.18,0.08,226,38,13
907,0.17,0.09,209,38,15
908,0.16,0.09,196,38,17
909,0.16,0.1,186,38,19
910,0.15,0.11,176,38,21
911,0.15,0.11,170,38,23
912,0.15,0.12,160,38,25
913,0.14,0.12,159,38,27
914,0.14,0.13,151,38,29
915,0.13,0.13,145,38,31
916,0.13,0.14,142,38,33
917,0.13,0.14,140,38,35
918,0.13,0.15,134,38,37
919,0.12,0.15,130,38,39
920,0.12,0.15,127,38,41
921,0.12,0.16,119,38,43
922,0.12,0.16,113,38,45
923,0.11,0.17,109,38,47
924,0.11,0.17,107,38,49
925,0.11,0.18,105,38,51
926,0.11,0.18,100,38,53
927,0.11,0.18,98,38,55
928,0.11,0.19,94,38,57
929,0.11,0.19,91,38,59
930,0.11,0.2,91,38,61
931,0.1,0.2,87,38,63
932,0.1,0.21,86,38,65
933,0.1,0.21,81,38,67
934,0.1,0.22,77,38,69
935,0.1,0.22,75,38,71
936,0.1,0.23,73,38,73
937,0.1,0.23,70,38,75
938,0.1,0.24,66,38,77
939,0.1,0.24,63,38,79
940,0.1,0.25,61,38,81
941,0.1,0.25,54,38,83
942,0.1,0.26,51,38,85
943,0.1,0.27,49,38,87
944,0.1,0.27,47,38,89
945,0.1,0.28,44,38,91
946,0.1,0.28,38,38,93
947,0.1,0.29,38,38,95
948,0.1,0.29,38,38,97
949,0.1,0.3,38,38,99
950,0.28,0.01,674,40,1
951,0.25,0.03,474,40,3
952,0.22,0.04,384,40,5
953,0.21,0.05,321,40,7
954,0.19,0.06,288,40,9
955,0.18,0.07,266,40,11
956,0.17,0.07,244,40,13
957,0.17,0.08,225,40,15
958,0.16,0.09,207,40,17
959,0.16,0.1,198,40,19
960,0.15,0.1,190,40,21
961,0.15,0.11,181,40,23
962,0.14,0.11,172,40,25
963,0.14,0.12,164,40,27
964,0.14,0.12,157,40,29
965,0.13,0.13,156,40,31
966,0.13,0.13,152,40,33
967,0.13,0.14,148,40,35
968,0.12,0.14,147,40,37
969,0.12,0.15,142,40,39
970,0.12,0.15,136,40,41
971,0.12,0.15,131,40,43
972,0.12,0.16,125,40,45
973,0.11,0.16,117,40,47
974,0.11,0.17,115,40,49
975,0.11,0.17,108,40,51
976,0.11,0.17,107,40,53
977,0.11,0.18,106,40,55
978,0.11,0.18,101,40,57
979,0.1,0.19,97,40,59
980,0.1,0.19,92,40,61
981,0.1,0.19,91,40,63
982,0.1,0.2,89,40,65
983,0.1,0.2,87,40,67
984,0.1,0.21,85,40,69
985,0.1,0.21,83,40,71
986,0.1,0.22,81,40,73
987,0.1,0.22,74,40,75
988,0.1,0.23,71,40,77
989,0.1,0.23,68,40,79
990,0.1,0.24,66,40,81
991,0.1,0.24,62,40,83
992,0.1,0.25,59,40,85
993,0.1,0.26,56,40,87
994,0.1,0.26,53,40,89
995,0.1,0.27,51,40,91
996,0.1,0.27,50,40,93
997,0.1,0.28,47,40,95
998,0.1,0.29,43,40,97
999,0.1,0.29,40,40,99
1000,0.3,0.01,659,42,1
1001,0.26,0.03,453,42,3
1002,0.23,0.04,355,42,5
1003,0.21,0.05,310,42,7
1004,0.2,0.06,278,42,9
1005,0.19,0.07,243,42,11
1006,0.18,0.08,224,42,13
1007,0.17,0.08,208,42,15
1008,0.16,0.09,196,42,17
1009,0.16,0.1,186,42,19
1010,0.15,0.1,175,42,21
1011,0.15,0.11,166,42,23
1012,0.15,0.12,156,42,25
1013,0.14,0.12,147,42,27
1014,0.14,0.13,139,42,29
1015,0.13,0.13,132,42,31
1016,0.13,0.14,129,42,33
1017,0.13,0.14,126,42,35
1018,0.13,0.15,124,42,37
1019,0.12,0.15,123,42,39
1020,0.12,0.15,121,42,41
1021,0.12,0.16,117,42,43
1022,0.12,0.16,113,42,45
1023,0.11,0.17,110,42,47
1024,0.11,0.17,109,42,49
1025,0.11,0.17,103,42,51
1026,0.11,0.18,101,42,53
1027,0.11,0.18,99,42,55
1028,0.11,0.18,96,42,57
1029,0.1,0.19,92,42,59
1030,0.1,0.19,89,42,61
1031,0.1,0.2,88,42,63
1032,0.1,0.2,86,42,65
1033,0.1,0.2,85,42,67
1034,0.1,0.21,84,42,69
1035,0.1,0.21,81,42,71
1036,0.1,0.22,79,42,73
1037,0.1,0.22,76,42,75
1038,0.1,0.23,74,42,77
1039,0.1,0.23,71,42,79
1040,0.1,0.24,69,42,81
1041,0.1,0.24,68,42,83
1042,0.1,0.25,66,42,85
1043,0.1,0.25,64,42,87
1044,0.1,0.26,58,42,89
1045,0.1,0.27,55,42,91
1046,0.1,0.27,54,42,93
1047,0.1,0.28,51,42,95
1048,0.1,0.28,46,42,97
1049,0.1,0.29,42,42,99
1050,0.3,0.01,663,44,1
1051,0.25,0.03,449,44,3
1052,0.23,0.04,343,44,5
1053,0.21,0.05,300,44,7
1054,0.2,0.06,261,44,9
1055,0.19,0.07,239,44,11
1056,0.18,0.08,220,44,13
1057,0.17,0.09,202,44,15
1058,0.17,0.09,189,44,17
1059,0.16,0.1,177,44,19
1060,0.15,0.11,171,44,21
1061,0.15,0.11,164,44,23
1062,0.15,0.12,155,44,25
1063,0.14,0.12,151,44,27
1064,0.14,0.13,146,44,29
1065,0.14,0.13,140,44,31
1066,0.13,0.14,136,44,33
1067,0.13,0.15,130,44,35
1068,0.13,0.15,126,44,37
1069,0.13,0.16,123,44,39
1070,0.12,0.16,119,44,41
1071,0.12,0.16,116,44,43
1072,0.12,0.17,115,44,45
1073,0.12,0.17,111,44,47
1074,0.11,0.17,109,44,49
1075,0.11,0.18,106,44,51
1076,0.11,0.18,104,44,53
1077,0.11,0.18,102,44,55
1078,0.11,0.19,99,44,57
1079,0.1,0.19,96,44,59
1080,0.1,0.2,92,44,61
1081,0.1,0.2,90,44,63
1082,0.1,0.2,88,44,65
1083,0.1,0.21,87,44,67
1084,0.1,0.21,86,44,69
1085,0.1,0.21,86,44,71
1086,0.1,0.22,84,44,73
1087,0.1,0.22,84,44,75
1088,0.1,0.23,83,44,77
1089,0.1,0.23,79,44,79
1090,0.1,0.24,78,44,81
1091,0.1,0.24,76,44,83
1092,0.1,0.24,73,44,85
1093,0.1,0.25,70,44,87
1094,0.1,0.26,66,44,89
1095,0.1,0.26,63,44,91
1096,0.1,0.27,59,44,93
1097,0.1,0.27,54,44,95
1098,0.1,0.28,50,44,97
1099,0.1,0.29,48,44,99
1100,0.31,0.01,651,46,1
1101,0.27,0.03,427,46,3
1102,0.24,0.04,335,46,5
1103,0.22,0.06,291,46,7
1104,0.21,0.07,253,46,9
1105,0.19,0.07,229,46,11
1106,0.18,0.08,211,46,13
1107,0.18,0.09,193,46,15
1108,0.17,0.1,181,46,17
1109,0.16,0.1,175,46,19
1110,0.16,0.11,168,46,21
1111,0.15,0.11,161,46,23
1112,0.15,0.12,158,46,25
1113,0.14,0.13,154,46,27
1114,0.14,0.13,147,46,29
1115,0.14,0.14,142,46,31
1116,0.13,0.14,138,46,33
1117,0.13,0.15,135,46,35
1118,0.13,0.15,132,46,37
1119,0.13,0.15,130,46,39
1120,0.12,0.16,125,46,41
1121,0.12,0.16,122,46,43
1122,0.12,0.17,121,46,45
1123,0.12,0.17,117,46,47
1124,0.11,0.17,114,46,49
1125,0.11,0.18,108,46,51
1126,0.11,0.18,105,46,53
1127,0.11,0.18,104,46,55
1128,0.11,0.19,102,46,57
1129,0.11,0.19,100,46,59
1130,0.1,0.2,97,46,61
1131,0.1,0.2,96,46,63
1132,0.1,0.2,93,46,65
1133,0.1,0.2,89,46,67
1134,0.1,0.21,89,46,69
1135,0.1,0.21,86,46,71
1136,0.1,0.22,86,46,73
1137,0.1,0.22,85,46,75
1138,0.1,0.22,84,46,77
1139,0.1,0.23,82,46,79
1140,0.1,0.23,81,46,81
1141,0.1,0.24,79,46,83
1142,0.1,0.24,77,46,85
1143,0.1,0.25,72,46,87
1144,0.09,0.25,71,46,89
1145,0.09,0.26,69,46,91
1146,0.09,0.26,66,46,93
1147,0.09,0.27,61,46,95
1148,0.09,0.27,59,46,97
1149,0.09,0.28,57,46,99
1150,0.31,0.01,651,48,1
1151,0.27,0.03,435,48,3
1152,0.24,0.04,343,48,5
1153,0.22,0.06,297,48,7
1154,0.21,0.06,263,48,9
1155,0.2,0.07,239,48,11
1156,0.19,0.08,212,48,13
1157,0.18,0.09,198,48,15
1158,0.17,0.09,190,48,17
1159,0.16,0.1,182,48,19
1160,0.16,0.11,177,48,21
1161,0.15,0.11,163,48,23
1162,0.15,0.12,162,48,25
1163,0.14,0.12,154,48,27
1164,0.14,0.13,148,48,29
1165,0.14,0.13,143,48,31
1166,0.13,0.14,141,48,33
1167,0.13,0.14,136,48,35
1168,0.13,0.15,130,48,37
1169,0.12,0.15,125,48,39
1170,0.12,0.16,118,48,41
1171,0.12,0.16,116,48,43
1172,0.12,0.17,114,48,45
1173,0.12,0.17,110,48,47
1174,0.11,0.17,107,48,49
1175,0.11,0.18,105,48,51
1176,0.11,0.18,104,48,53
1177,0.11,0.18,101,48,55
1178,0.11,0.19,100,48,57
1179,0.1,0.19,99,48,59
1180,0.1,0.19,97,48,61
1181,0.1,0.2,97,48,63
1182,0.1,0.2,97,48,65
1183,0.1,0.2,93,48,67
1184,0.1,0.21,89,48,69
1185,0.1,0.21,88,48,71
1186,0.1,0.21,86,48,73
1187,0.1,0.22,84,48,75
1188,0.1,0.22,81,48,77
1189,0.1,0.22,80,48,79
1190,0.09,0.23,75,48,81
1191,0.09,0.23,73,48,83
1192,0.09,0.24,71,48,85
1193,0.09,0.24,69,48,87
1194,0.09,0.25,67,48,89
1195,0.09,0.25,66,48,91
1196,0.09,0.26,64,48,93
1197,0.09,0.26,63,48,95
1198,0.09,0.27,59,48,97
1199,0.09,0.27,55,48,99
1200,0.31,0.01,650,50,1
1201,0.27,0.03,446,50,3
1202,0.24,0.05,342,50,5
1203,0.23,0.06,296,50,7
1204,0.21,0.07,262,50,9
1205,0.2,0.07,236,50,11
1206,0.19,0.08,217,50,13
1207,0.18,0.09,201,50,15
1208,0.17,0.1,192,50,17
1209,0.17,0.1,185,50,19
1210,0.16,0.11,170,50,21
1211,0.15,0.12,166,50,23
1212,0.15,0.12,154,50,25
1213,0.15,0.13,148,50,27
1214,0.14,0.13,146,50,29
1215,0.14,0.14,143,50,31
1216,0.13,0.14,136,50,33
1217,0.13,0.15,134,50,35
1218,0.13,0.15,129,50,37
1219,0.13,0.16,126,50,39
1220,0.12,0.16,122,50,41
1221,0.12,0.16,119,50,43
1222,0.12,0.17,111,50,45
1223,0.12,0.17,109,50,47
1224,0.11,0.18,107,50,49
1225,0.11,0.18,104,50,51
1226,0.11,0.18,103,50,53
1227,0.11,0.19,102,50,55
1228,0.11,0.19,98,50,57
1229,0.11,0.19,95,50,59
1230,0.1,0.2,95,50,61
1231,0.1,0.2,95,50,63
1232,0.1,0.2,95,50,65
1233,0.1,0.21,91,50,67
1234,0.1,0.21,90,50,69
1235,0.1,0.21,90,50,71
1236,0.1,0.21,88,50,73
1237,0.1,0.22,85,50,75
1238,0.1,0.22,85,50,77
1239,0.1,0.23,82,50,79
1240,0.09,0.23,79,50,81
1241,0.09,0.23,78,50,83
1242,0.09,0.24,77,50,85
1243,0.09,0.24,75,50,87
1244,0.09,0.25,68,50,89
1245,0.09,0.25,68,50,91
1246,0.09,0.26,65,50,93
1247,0.09,0.27,62,50,95
1248,0.09,0.27,62,50,97
1249,0.09,0.28,62,50,99
1250,0.3,0.01,658,52,1
1251,0.27,0.03,433,52,3
1252,0.24,0.04,350,52,5
1253,0.22,0.06,290,52,7
1254,0.21,0.07,253,52,9
1255,0.19,0.07,234,52,11
1256,0.18,0.08,222,52,13
1257,0.18,0.09,205,52,15
1258,0.17,0.1,192,52,17
1259,0.16,0.1,176,52,19
1260,0.16,0.11,168,52,21
1261,0.15,0.11,162,52,23
1262,0.15,0.12,154,52,25
1263,0.14,0.13,148,52,27
1264,0.14,0.13,142,52,29
1265,0.14,0.14,140,52,31
1266,0.13,0.14,135,52,33
1267,0.13,0.14,130,52,35
1268,0.13,0.15,127,52,37
1269,0.12,0.15,125,52,39
1270,0.12,0.16,119,52,41
1271,0.12,0.16,114,52,43
1272,0.12,0.17,113,52,45
1273,0.12,0.17,109,52,47
1274,0.11,0.17,107,52,49
1275,0.11,0.18,104,52,51
1276,0.11,0.18,102,52,53
1277,0.11,0.19,99,52,55
1278,0.11,0.19,99,52,57
1279,0.11,0.19,97,52,59
1280,0.1,0.19,97,52,61
1281,0.1,0.2,97,52,63
1282,0.1,0.2,96,52,65
1283,0.1,0.2,93,52,67
1284,0.1,0.2,93,52,69
1285,0.1,0.21,92,52,71
1286,0.1,0.21,92,52,73
1287,0.09,0.21,89,52,75
1288,0.09,0.22,84,52,77
1289,0.09,0.22,83,52,79
1290,0.09,0.23,80,52,81
1291,0.09,0.23,79,52,83
1292,0.09,0.23,76,52,85
1293,0.09,0.24,75,52,87
1294,0.09,0.24,74,52,89
1295,0.09,0.25,71,52,91
1296,0.09,0.25,69,52,93
1297,0.09,0.26,66,52,95
1298,0.09,0.26,64,52,97
1299,0.09,0.27,63,52,99
1300,0.28,0.01,677,54,1
1301,0.27,0.03,449,54,3
1302,0.24,0.04,359,54,5
1303,0.22,0.06,302,54,7
1304,0.2,0.06,263,54,9
1305,0.19,0.07,240,54,11
1306,0.19,0.08,220,54,13
1307,0.18,0.09,206,54,15
1308,0.17,0.1,188,54,17
1309,0.16,0.1,178,54,19
1310,0.16,0.11,169,54,21
1311,0.15,0.11,166,54,23
1312,0.15,0.12,158,54,25
1313,0.14,0.13,145,54,27
1314,0.14,0.13,140,54,29
1315,0.14,0.14,136,54,31
1316,0.13,0.14,134,54,33
1317,0.13,0.15,130,54,35
1318,0.13,0.15,127,54,37
1319,0.12,0.15,126,54,39
1320,0.12,0.16,120,54,41
1321,0.12,0.16,117,54,43
1322,0.12,0.17,113,54,45
1323,0.12,0.17,111,54,47
1324,0.11,0.17,110,54,49
1325,0.11,0.18,107,54,51
1326,0.11,0.18,107,54,53
1327,0.11,0.18,105,54,55
1328,0.11,0.19,102,54,57
1329,0.1,0.19,98,54,59
1330,0.1,0.19,98,54,61
1331,0.1,0.2,97,54,63
1332,0.1,0.2,95,54,65
1333,0.1,0.2,92,54,67
1334,0.1,0.21,92,54,69
1335,0.1,0.21,91,54,71
1336,0.1,0.21,90,54,73
1337,0.09,0.21,90,54,75
1338,0.09,0.22,88,54,77
1339,0.09,0.22,86,54,79
1340,0.09,0.23,84,54,81
1341,0.09,0.23,82,54,83
1342,0.09,0.23,82,54,85
1343,0.09,0.24,80,54,87
1344,0.09,0.24,79,54,89
1345,0.09,0.24,77,54,91
1346,0.09,0.25,74,54,93
1347,0.09,0.25,72,54,95
1348,0.09,0.26,72,54,97
1349,0.09,0.26,71,54,99
1350,0.3,0.01,662,56,1
1351,0.26,0.03,454,56,3
1352,0.24,0.04,366,56,5
1353,0.21,0.05,314,56,7
1354,0.2,0.06,269,56,9
1355,0.2,0.07,240,56,11
1356,0.19,0.08,222,56,13
1357,0.18,0.09,198,56,15
1358,0.17,0.1,182,56,17
1359,0.17,0.1,174,56,19
1360,0.16,0.11,169,56,21
1361,0.15,0.11,160,56,23
1362,0.15,0.12,154,56,25
1363,0.15,0.12,147,56,27
1364,0.14,0.13,141,56,29
1365,0.14,0.14,136,56,31
1366,0.14,0.14,131,56,33
1367,0.13,0.14,127,56,35
1368,0.13,0.15,124,56,37
1369,0.13,0.15,121,56,39
1370,0.12,0.16,121,56,41
1371,0.12,0.16,117,56,43
1372,0.12,0.17,111,56,45
1373,0.12,0.17,108,56,47
1374,0.11,0.17,105,56,49
1375,0.11,0.18,103,56,51
1376,0.11,0.18,99,56,53
1377,0.11,0.18,98,56,55
1378,0.11,0.19,95,56,57
1379,0.11,0.19,92,56,59
1380,0.1,0.19,91,56,61
1381,0.1,0.2,90,56,63
1382,0.1,0.2,85,56,65
1383,0.1,0.2,84,56,67
1384,0.1,0.21,84,56,69
1385,0.1,0.21,83,56,71
1386,0.1,0.21,82,56,73
1387,0.1,0.21,82,56,75
1388,0.09,0.22,81,56,77
1389,0.09,0.22,79,56,79
1390,0.09,0.22,78,56,81
1391,0.09,0.23,78,56,83
1392,0.09,0.23,78,56,85
1393,0.09,0.23,75,56,87
1394,0.09,0.24,71,56,89
1395,0.09,0.24,69,56,91
1396,0.09,0.25,65,56,93
1397,0.09,0.25,62,56,95
1398,0.09,0.26,61,56,97
1399,0.09,0.26,59,56,99
1400,0.3,0.01,661,58,1
1401,0.27,0.03,454,58,3
1402,0.24,0.04,355,58,5
1403,0.22,0.05,306,58,7
1404,0.21,0.06,264,58,9
1405,0.2,0.07,230,58,11
1406,0.19,0.08,218,58,13
1407,0.18,0.09,202,58,15
1408,0.17,0.1,192,58,17
1409,0.17,0.1,185,58,19
1410,0.16,0.11,171,58,21
1411,0.16,0.11,165,58,23
1412,0.15,0.12,160,58,25
1413,0.15,0.13,153,58,27
1414,0.14,0.13,147,58,29
1415,0.14,0.14,140,58,31
1416,0.14,0.14,137,58,33
1417,0.13,0.15,134,58,35
1418,0.13,0.15,131,58,37
1419,0.13,0.15,130,58,39
1420,0.12,0.16,123,58,41
1421,0.12,0.16,119,58,43
1422,0.12,0.17,114,58,45
1423,0.12,0.17,110,58,47
1424,0.12,0.18,108,58,49
1425,0.11,0.18,106,58,51
1426,0.11,0.18,100,58,53
1427,0.11,0.19,99,58,55
1428,0.11,0.19,98,58,57
1429,0.11,0.19,94,58,59
1430,0.1,0.2,93,58,61
1431,0.1,0.2,91,58,63
1432,0.1,0.2,90,58,65
1433,0.1,0.21,84,58,67
1434,0.1,0.21,83,58,69
1435,0.1,0.21,81,58,71
1436,0.1,0.21,79,58,73
1437,0.1,0.22,78,58,75
1438,0.09,0.22,75,58,77
1439,0.09,0.22,75,58,79
1440,0.09,0.23,73,58,81
1441,0.09,0.23,71,58,83
1442,0.09,0.23,69,58,85
1443,0.09,0.24,67,58,87
1444,0.09,0.24,67,58,89
1445,0.09,0.25,66,58,91
1446,0.09,0.25,65,58,93
1447,0.09,0.25,62,58,95
1448,0.09,0.26,61,58,97
1449,0.09,0.26,61,58,99
1450,0.3,0.01,660,60,1
1451,0.27,0.03,440,60,3
1452,0.24,0.05,349,60,5
1453,0.23,0.06,289,60,7
1454,0.21,0.07,255,60,9
1455,0.2,0.07,229,60,11
1456,0.19,0.08,211,60,13
1457,0.18,0.09,197,60,15
1458,0.17,0.1,186,60,17
1459,0.17,0.1,176,60,19
1460,0.16,0.11,164,60,21
1461,0.16,0.12,159,60,23
1462,0.15,0.12,157,60,25
1463,0.15,0.13,152,60,27
1464,0.14,0.13,147,60,29
1465,0.14,0.14,143,60,31
1466,0.14,0.14,138,60,33
1467,0.13,0.15,133,60,35
1468,0.13,0.15,130,60,37
1469,0.13,0.16,129,60,39
1470,0.12,0.16,123,60,41
1471,0.12,0.16,119,60,43
1472,0.12,0.17,116,60,45
1473,0.12,0.17,111,60,47
1474,0.12,0.18,106,60,49
1475,0.11,0.18,104,60,51
1476,0.11,0.18,100,60,53
1477,0.11,0.19,98,60,55
1478,0.11,0.19,97,60,57
1479,0.11,0.19,95,60,59
1480,0.1,0.2,93,60,61
1481,0.1,0.2,90,60,63
1482,0.1,0.2,87,60,65
1483,0.1,0.21,85,60,67
1484,0.1,0.21,82,60,69
1485,0.1,0.21,79,60,71
1486,0.1,0.21,78,60,73
1487,0.09,0.22,77,60,75
1488,0.09,0.22,75,60,77
1489,0.09,0.22,73,60,79
1490,0.09,0.23,73,60,81
1491,0.09,0.23,72,60,83
1492,0.09,0.23,70,60,85
1493,0.09,0.24,67,60,87
1494,0.09,0.24,67,60,89
1495,0.09,0.24,65,60,91
1496,0.09,0.25,64,60,93
1497,0.09,0.25,64,60,95
1498,0.09,0.26,62,60,97
1499,0.09,0.26,60,60,99
1500,0.3,0.01,659,62,1
1501,0.27,0.03,445,62,3
1502,0.24,0.04,355,62,5
1503,0.22,0.05,300,62,7
1504,0.21,0.06,269,62,9
1505,0.2,0.07,243,62,11
1506,0.19,0.08,224,62,13
1507,0.18,0.09,209,62,15
1508,0.17,0.09,198,62,17
1509,0.17,0.1,189,62,19
1510,0.16,0.11,179,62,21
1511,0.16,0.11,168,62,23
1512,0.15,0.12,163,62,25
1513,0.15,0.13,153,62,27
1514,0.14,0.13,149,62,29
1515,0.14,0.14,147,62,31
1516,0.14,0.14,137,62,33
1517,0.13,0.15,134,62,35
1518,0.13,0.15,128,62,37
1519,0.13,0.15,125,62,39
1520,0.12,0.16,120,62,41
1521,0.12,0.16,117,62,43
1522,0.12,0.17,115,62,45
1523,0.12,0.17,111,62,47
1524,0.11,0.17,105,62,49
1525,0.11,0.18,102,62,51
1526,0.11,0.18,99,62,53
1527,0.11,0.19,96,62,55
1528,0.11,0.19,95,62,57
1529,0.11,0.19,94,62,59
1530,0.1,0.19,92,62,61
1531,0.1,0.2,90,62,63
1532,0.1,0.2,88,62,65
1533,0.1,0.2,86,62,67
1534,0.1,0.21,85,62,69
1535,0.1,0.21,83,62,71
1536,0.1,0.21,80,62,73
1537,0.09,0.22,77,62,75
1538,0.09,0.22,76,62,77
1539,0.09,0.22,73,62,79
1540,0.09,0.23,72,62,81
1541,0.09,0.23,72,62,83
1542,0.09,0.23,70,62,85
1543,0.09,0.23,69,62,87
1544,0.09,0.24,68,62,89
1545,0.09,0.24,66,62,91
1546,0.09,0.24,66,62,93
1547,0.09,0.25,66,62,95
1548,0.09,0.25,66,62,97
1549,0.09,0.26,64,62,99
1550,0.3,0.01,662,64,1
1551,0.26,0.03,443,64,3
1552,0.24,0.04,362,64,5
1553,0.22,0.05,310,64,7
1554,0.21,0.06,258,64,9
1555,0.2,0.07,244,64,11
1556,0.19,0.08,228,64,13
1557,0.18,0.09,213,64,15
1558,0.17,0.09,194,64,17
1559,0.17,0.1,187,64,19
1560,0.16,0.11,180,64,21
1561,0.16,0.11,172,64,23
1562,0.15,0.12,169,64,25
1563,0.15,0.12,163,64,27
1564,0.14,0.13,158,64,29
1565,0.14,0.13,154,64,31
1566,0.14,0.14,151,64,33
1567,0.13,0.14,140,64,35
1568,0.13,0.15,138,64,37
1569,0.13,0.15,135,64,39
1570,0.12,0.16,131,64,41
1571,0.12,0.16,128,64,43
1572,0.12,0.17,124,64,45
1573,0.12,0.17,122,64,47
1574,0.11,0.17,120,64,49
1575,0.11,0.18,114,64,51
1576,0.11,0.18,114,64,53
1577,0.11,0.18,109,64,55
1578,0.11,0.19,107,64,57
1579,0.11,0.19,105,64,59
1580,0.1,0.19,100,64,61
1581,0.1,0.2,99,64,63
1582,0.1,0.2,96,64,65
1583,0.1,0.2,93,64,67
1584,0.1,0.2,93,64,69
1585,0.1,0.21,92,64,71
1586,0.1,0.21,90,64,73
1587,0.09,0.21,85,64,75
1588,0.09,0.22,85,64,77
1589,0.09,0.22,82,64,79
1590,0.09,0.22,81,64,81
1591,0.09,0.23,81,64,83
1592,0.09,0.23,81,64,85
1593,0.09,0.23,79,64,87
1594,0.09,0.23,78,64,89
1595,0.09,0.24,76,64,91
1596,0.09,0.24,74,64,93
1597,0.09,0.24,73,64,95
1598,0.09,0.25,71,64,97
1599,0.09,0.25,70,64,99
1600,0.3,0.01,661,66,1
1601,0.27,0.03,439,66,3
1602,0.24,0.04,353,66,5
1603,0.22,0.05,293,66,7
1604,0.21,0.06,267,66,9
1605,0.19,0.07,245,66,11
1606,0.19,0.08,231,66,13
1607,0.18,0.09,216,66,15
1608,0.17,0.09,202,66,17
1609,0.17,0.1,193,66,19
1610,0.16,0.11,185,66,21
1611,0.16,0.11,182,66,23
1612,0.15,0.12,174,66,25
1613,0.15,0.12,169,66,27
1614,0.14,0.13,157,66,29
1615,0.14,0.13,148,66,31
1616,0.14,0.14,142,66,33
1617,0.13,0.14,135,66,35
1618,0.13,0.15,131,66,37
1619,0.13,0.15,127,66,39
1620,0.13,0.16,123,66,41
1621,0.12,0.16,119,66,43
1622,0.12,0.17,117,66,45
1623,0.12,0.17,113,66,47
1624,0.12,0.17,111,66,49
1625,0.11,0.18,107,66,51
1626,0.11,0.18,105,66,53
1627,0.11,0.18,103,66,55
1628,0.11,0.19,102,66,57
1629,0.11,0.19,98,66,59
1630,0.1,0.19,92,66,61
1631,0.1,0.2,89,66,63
1632,0.1,0.2,87,66,65
1633,0.1,0.2,86,66,67
1634,0.1,0.21,86,66,69
1635,0.1,0.21,85,66,71
1636,0.09,0.21,82,66,73
1637,0.09,0.21,82,66,75
1638,0.09,0.22,79,66,77
1639,0.09,0.22,78,66,79
1640,0.09,0.22,77,66,81
1641,0.09,0.23,77,66,83
1642,0.09,0.23,77,66,85
1643,0.09,0.23,74,66,87
1644,0.09,0.23,74,66,89
1645,0.09,0.24,71,66,91
1646,0.09,0.24,70,66,93
1647,0.09,0.25,69,66,95
1648,0.09,0.25,69,66,97
1649,0.09,0.25,68,66,99
1650,0.31,0.01,654,68,1
1651,0.27,0.03,426,68,3
1652,0.25,0.04,333,68,5
1653,0.22,0.05,291,68,7
1654,0.21,0.06,261,68,9
1655,0.2,0.07,239,68,11
1656,0.19,0.08,220,68,13
1657,0.18,0.09,205,68,15
1658,0.17,0.1,192,68,17
1659,0.17,0.1,183,68,19
1660,0.16,0.11,177,68,21
1661,0.16,0.12,170,68,23
1662,0.15,0.12,166,68,25
1663,0.15,0.13,161,68,27
1664,0.15,0.13,150,68,29
1665,0.14,0.14,145,68,31
1666,0.14,0.14,136,68,33
1667,0.13,0.15,128,68,35
1668,0.13,0.15,125,68,37
1669,0.13,0.16,119,68,39
1670,0.13,0.16,111,68,41
1671,0.12,0.17,108,68,43
1672,0.12,0.17,108,68,45
1673,0.12,0.17,107,68,47
1674,0.12,0.18,103,68,49
1675,0.12,0.18,99,68,51
1676,0.11,0.19,98,68,53
1677,0.11,0.19,94,68,55
1678,0.11,0.19,93,68,57
1679,0.11,0.19,90,68,59
1680,0.11,0.2,87,68,61
1681,0.1,0.2,81,68,63
1682,0.1,0.21,79,68,65
1683,0.1,0.21,79,68,67
1684,0.1,0.21,77,68,69
1685,0.1,0.21,77,68,71
1686,0.1,0.22,75,68,73
1687,0.09,0.22,71,68,75
1688,0.09,0.22,71,68,77
1689,0.09,0.22,71,68,79
1690,0.09,0.23,70,68,81
1691,0.09,0.23,70,68,83
1692,0.09,0.23,68,68,85
1693,0.09,0.24,68,68,87
1694,0.09,0.24,66,68,89
1695,0.09,0.24,64,68,91
1696,0.09,0.25,63,68,93
1697,0.09,0.25,61,68,95
1698,0.09,0.25,61,68,97
1699,0.09,0.26,58,68,99
1700,0.3,0.01,657,70,1
1701,0.27,0.03,434,70,3
1702,0.24,0.04,350,70,5
1703,0.22,0.05,305,70,7
1704,0.21,0.06,275,70,9
1705,0.2,0.07,246,70,11
1706,0.19,0.08,232,70,13
1707,0.18,0.09,218,70,15
1708,0.17,0.09,203,70,17
1709,0.17,0.1,194,70,19
1710,0.16,0.11,184,70,21
1711,0.16,0.11,172,70,23
1712,0.15,0.12,166,70,25
1713,0.15,0.13,160,70,27
1714,0.14,0.13,153,70,29
1715,0.14,0.14,148,70,31
1716,0.14,0.14,143,70,33
1717,0.14,0.15,139,70,35
1718,0.13,0.15,133,70,37
1719,0.13,0.16,129,70,39
1720,0.13,0.16,123,70,41
1721,0.12,0.16,119,70,43
1722,0.12,0.17,114,70,45
1723,0.12,0.17,110,70,47
1724,0.12,0.18,109,70,49
1725,0.12,0.18,104,70,51
1726,0.11,0.18,101,70,53
1727,0.11,0.19,96,70,55
1728,0.11,0.19,96,70,57
1729,0.11,0.2,93,70,59
1730,0.11,0.2,91,70,61
1731,0.1,0.2,90,70,63
1732,0.1,0.2,90,70,65
1733,0.1,0.21,88,70,67
1734,0.1,0.21,86,70,69
1735,0.1,0.21,85,70,71
1736,0.1,0.21,85,70,73
1737,0.09,0.22,82,70,75
1738,0.09,0.22,80,70,77
1739,0.09,0.22,80,70,79
1740,0.09,0.22,79,70,81
1741,0.09,0.23,78,70,83
1742,0.09,0.23,77,70,85
1743,0.09,0.23,75,70,87
1744,0.09,0.24,72,70,89
1745,0.09,0.24,70,70,91
1746,0.09,0.24,70,70,93
1747,0.09,0.25,68,70,95
1748,0.09,0.25,66,70,97
1749,0.09,0.25,63,70,99
1750,0.31,0.01,649,72,1
1751,0.28,0.03,422,72,3
1752,0.25,0.05,335,72,5
1753,0.23,0.06,291,72,7
1754,0.21,0.06,263,72,9
1755,0.2,0.07,243,72,11
1756,0.19,0.08,226,72,13
1757,0.18,0.09,216,72,15
1758,0.17,0.09,207,72,17
1759,0.17,0.1,193,72,19
1760,0.16,0.11,183,72,21
1761,0.16,0.11,175,72,23
1762,0.15,0.12,171,72,25
1763,0.15,0.13,167,72,27
1764,0.15,0.13,151,72,29
1765,0.14,0.14,145,72,31
1766,0.14,0.14,143,72,33
1767,0.14,0.15,141,72,35
1768,0.13,0.15,135,72,37
1769,0.13,0.16,132,72,39
1770,0.13,0.16,129,72,41
1771,0.12,0.16,126,72,43
1772,0.12,0.17,121,72,45
1773,0.12,0.17,115,72,47
1774,0.12,0.18,112,72,49
1775,0.12,0.18,110,72,51
1776,0.11,0.18,109,72,53
1777,0.11,0.19,106,72,55
1778,0.11,0.19,105,72,57
1779,0.11,0.19,101,72,59
1780,0.11,0.2,98,72,61
1781,0.1,0.2,96,72,63
1782,0.1,0.2,94,72,65
1783,0.1,0.2,94,72,67
1784,0.1,0.21,93,72,69
1785,0.1,0.21,92,72,71
1786,0.1,0.21,92,72,73
1787,0.09,0.22,92,72,75
1788,0.09,0.22,91,72,77
1789,0.09,0.22,90,72,79
1790,0.09,0.22,89,72,81
1791,0.09,0.23,88,72,83
1792,0.09,0.23,86,72,85
1793,0.09,0.23,84,72,87
1794,0.09,0.24,84,72,89
1795,0.09,0.24,83,72,91
1796,0.09,0.24,79,72,93
1797,0.09,0.24,77,72,95
1798,0.09,0.25,74,72,97
1799,0.08,0.25,73,72,99
1800,0.31,0.01,646,74,1
1801,0.27,0.03,425,74,3
1802,0.25,0.04,343,74,5
1803,0.22,0.05,300,74,7
1804,0.21,0.06,278,74,9
1805,0.2,0.07,252,74,11
1806,0.19,0.08,235,74,13
1807,0.18,0.09,215,74,15
1808,0.17,0.09,201,74,17
1809,0.17,0.1,197,74,19
1810,0.16,0.11,187,74,21
1811,0.16,0.11,177,74,23
1812,0.15,0.12,167,74,25
1813,0.15,0.12,164,74,27
1814,0.15,0.13,159,74,29
1815,0.14,0.14,149,74,31
1816,0.14,0.14,142,74,33
1817,0.14,0.15,137,74,35
1818,0.13,0.15,134,74,37
1819,0.13,0.15,127,74,39
1820,0.13,0.16,124,74,41
1821,0.12,0.16,122,74,43
1822,0.12,0.17,119,74,45
1823,0.12,0.17,117,74,47
1824,0.12,0.18,115,74,49
1825,0.11,0.18,109,74,51
1826,0.11,0.18,105,74,53
1827,0.11,0.19,102,74,55
1828,0.11,0.19,100,74,57
1829,0.11,0.19,98,74,59
1830,0.1,0.2,97,74,61
1831,0.1,0.2,97,74,63
1832,0.1,0.2,96,74,65
1833,0.1,0.2,96,74,67
1834,0.1,0.21,96,74,69
1835,0.1,0.21,95,74,71
1836,0.1,0.21,92,74,73
1837,0.09,0.22,91,74,75
1838,0.09,0.22,91,74,77
1839,0.09,0.22,90,74,79
1840,0.09,0.22,89,74,81
1841,0.09,0.23,89,74,83
1842,0.09,0.23,86,74,85
1843,0.09,0.23,86,74,87
1844,0.09,0.23,85,74,89
1845,0.09,0.24,83,74,91
1846,0.09,0.24,82,74,93
1847,0.08,0.24,79,74,95
1848,0.08,0.24,77,74,97
1849,0.08,0.25,75,74,99
1850,0.31,0.01,653,76,1
1851,0.27,0.03,439,76,3
1852,0.24,0.04,342,76,5
1853,0.23,0.06,291,76,7
1854,0.21,0.07,256,76,9
1855,0.2,0.07,235,76,11
1856,0.19,0.08,221,76,13
1857,0.18,0.09,205,76,15
1858,0.17,0.09,192,76,17
1859,0.17,0.1,181,76,19
1860,0.16,0.11,173,76,21
1861,0.16,0.11,167,76,23
1862,0.15,0.12,160,76,25
1863,0.15,0.13,149,76,27
1864,0.15,0.13,144,76,29
1865,0.14,0.13,137,76,31
1866,0.14,0.14,132,76,33
1867,0.14,0.14,127,76,35
1868,0.13,0.15,126,76,37
1869,0.13,0.15,124,76,39
1870,0.13,0.16,120,76,41
1871,0.12,0.16,116,76,43
1872,0.12,0.17,111,76,45
1873,0.12,0.17,109,76,47
1874,0.12,0.17,104,76,49
1875,0.11,0.18,104,76,51
1876,0.11,0.18,101,76,53
1877,0.11,0.19,99,76,55
1878,0.11,0.19,94,76,57
1879,0.11,0.19,92,76,59
1880,0.11,0.2,91,76,61
1881,0.1,0.2,90,76,63
1882,0.1,0.2,89,76,65
1883,0.1,0.2,88,76,67
1884,0.1,0.21,87,76,69
1885,0.1,0.21,87,76,71
1886,0.1,0.21,86,76,73
1887,0.09,0.22,86,76,75
1888,0.09,0.22,85,76,77
1889,0.09,0.22,84,76,79
1890,0.09,0.22,83,76,81
1891,0.09,0.23,82,76,83
1892,0.09,0.23,81,76,85
1893,0.09,0.23,81,76,87
1894,0.09,0.23,79,76,89
1895,0.09,0.24,79,76,91
1896,0.09,0.24,77,76,93
1897,0.08,0.24,75,76,95
1898,0.08,0.24,71,76,97
1899,0.08,0.25,70,76,99
1900,0.31,0.01,653,78,1
1901,0.26,0.03,443,78,3
1902,0.24,0.04,360,78,5
1903,0.22,0.06,305,78,7
1904,0.21,0.06,275,78,9
1905,0.2,0.07,260,78,11
1906,0.19,0.08,243,78,13
1907,0.18,0.09,223,78,15
1908,0.17,0.09,207,78,17
1909,0.17,0.1,193,78,19
1910,0.16,0.11,183,78,21
1911,0.16,0.11,174,78,23
1912,0.15,0.12,166,78,25
1913,0.15,0.13,162,78,27
1914,0.15,0.13,152,78,29
1915,0.14,0.14,149,78,31
1916,0.14,0.14,139,78,33
1917,0.14,0.15,136,78,35
1918,0.13,0.15,133,78,37
1919,0.13,0.16,128,78,39
1920,0.13,0.16,125,78,41
1921,0.12,0.16,120,78,43
1922,0.12,0.17,116,78,45
1923,0.12,0.17,114,78,47
1924,0.12,0.18,109,78,49
1925,0.12,0.18,105,78,51
1926,0.11,0.18,102,78,53
1927,0.11,0.19,97,78,55
1928,0.11,0.19,96,78,57
1929,0.11,0.19,96,78,59
1930,0.11,0.2,95,78,61
1931,0.1,0.2,94,78,63
1932,0.1,0.2,93,78,65
1933,0.1,0.21,92,78,67
1934,0.1,0.21,91,78,69
1935,0.1,0.21,90,78,71
1936,0.1,0.21,90,78,73
1937,0.09,0.22,88,78,75
1938,0.09,0.22,87,78,77
1939,0.09,0.22,86,78,79
1940,0.09,0.22,84,78,81
1941,0.09,0.23,84,78,83
1942,0.09,0.23,83,78,85
1943,0.09,0.23,80,78,87
1944,0.09,0.23,78,78,89
1945,0.09,0.24,77,78,91
1946,0.09,0.24,75,78,93
1947,0.08,0.24,73,78,95
1948,0.08,0.24,72,78,97
1949,0.08,0.25,72,78,99
1950,0.31,0.01,648,80,1
1951,0.26,0.03,445,80,3
1952,0.24,0.04,352,80,5
1953,0.22,0.06,299,80,7
1954,0.21,0.07,264,80,9
1955,0.2,0.07,240,80,11
1956,0.19,0.08,226,80,13
1957,0.18,0.09,211,80,15
1958,0.17,0.1,196,80,17
1959,0.17,0.1,186,80,19
1960,0.16,0.11,178,80,21
1961,0.16,0.11,171,80,23
1962,0.15,0.12,161,80,25
1963,0.15,0.13,157,80,27
1964,0.15,0.13,149,80,29
1965,0.14,0.14,143,80,31
1966,0.14,0.14,136,80,33
1967,0.14,0.15,134,80,35
1968,0.13,0.15,129,80,37
1969,0.13,0.16,125,80,39
1970,0.13,0.16,120,80,41
1971,0.12,0.17,116,80,43
1972,0.12,0.17,111,80,45
1973,0.12,0.17,108,80,47
1974,0.12,0.18,103,80,49
1975,0.12,0.18,100,80,51
1976,0.11,0.19,98,80,53
1977,0.11,0.19,97,80,55
1978,0.11,0.19,97,80,57
1979,0.11,0.2,96,80,59
1980,0.11,0.2,93,80,61
1981,0.11,0.2,90,80,63
1982,0.1,0.21,88,80,65
1983,0.1,0.21,87,80,67
1984,0.1,0.21,86,80,69
1985,0.1,0.21,85,80,71
1986,0.1,0.22,84,80,73
1987,0.1,0.22,83,80,75
1988,0.09,0.22,83,80,77
1989,0.09,0.22,81,80,79
1990,0.09,0.23,81,80,81
1991,0.09,0.23,81,80,83
1992,0.09,0.23,81,80,85
1993,0.09,0.23,81,80,87
1994,0.09,0.24,79,80,89
1995,0.09,0.24,77,80,91
1996,0.09,0.24,75,80,93
1997,0.09,0.24,72,80,95
1998,0.08,0.25,70,80,97
1999,0.08,0.25,69,80,99
2000,0.32,0.01,637,82,1
2001,0.27,0.03,426,82,3
2002,0.25,0.05,328,82,5
2003,0.23,0.06,281,82,7
2004,0.21,0.07,255,82,9
2005,0.2,0.08,230,82,11
2006,0.19,0.08,208,82,13
2007,0.18,0.09,194,82,15
2008,0.18,0.1,179,82,17
2009,0.17,0.11,168,82,19
2010,0.17,0.11,161,82,21
2011,0.16,0.12,150,82,23
2012,0.16,0.12,146,82,25
2013,0.15,0.13,140,82,27
2014,0.15,0.13,136,82,29
2015,0.14,0.14,132,82,31
2016,0.14,0.14,126,82,33
2017,0.14,0.15,122,82,35
2018,0.13,0.15,120,82,37
2019,0.13,0.16,115,82,39
2020,0.13,0.16,109,82,41
2021,0.13,0.17,107,82,43
2022,0.12,0.17,99,82,45
2023,0.12,0.18,99,82,47
2024,0.12,0.18,96,82,49
2025,0.12,0.18,93,82,51
2026,0.12,0.19,91,82,53
2027,0.11,0.19,91,82,55
2028,0.11,0.2,89,82,57
2029,0.11,0.2,89,82,59
2030,0.11,0.2,85,82,61
2031,0.11,0.21,82,82,63
2032,0.1,0.21,80,82,65
2033,0.1,0.21,80,82,67
2034,0.1,0.21,79,82,69
2035,0.1,0.22,77,82,71
2036,0.1,0.22,76,82,73
2037,0.1,0.22,75,82,75
2038,0.1,0.23,72,82,77
2039,0.09,0.23,70,82,79
2040,0.09,0.23,68,82,81
2041,0.09,0.23,66,82,83
2042,0.09,0.23,66,82,85
2043,0.09,0.24,66,82,87
2044,0.09,0.24,65,82,89
2045,0.09,0.24,63,82,91
2046,0.09,0.24,63,82,93
2047,0.09,0.25,61,82,95
2048,0.09,0.25,60,82,97
2049,0.08,0.25,59,82,99
2050,0.32,0.01,640,84,1
2051,0.28,0.03,416,84,3
2052,0.25,0.05,321,84,5
2053,0.23,0.06,283,84,7
2054,0.22,0.07,247,84,9
2055,0.2,0.08,218,84,11
2056,0.19,0.08,200,84,13
2057,0.18,0.09,187,84,15
2058,0.18,0.1,176,84,17
2059,0.17,0.11,162,84,19
2060,0.17,0.11,152,84,21
2061,0.16,0.12,147,84,23
2062,0.16,0.12,141,84,25
2063,0.15,0.13,137,84,27
2064,0.15,0.14,130,84,29
2065,0.14,0.14,125,84,31
2066,0.14,0.15,123,84,33
2067,0.14,0.15,121,84,35
2068,0.14,0.16,117,84,37
2069,0.13,0.16,110,84,39
2070,0.13,0.17,106,84,41
2071,0.13,0.17,105,84,43
2072,0.12,0.17,100,84,45
2073,0.12,0.18,97,84,47
2074,0.12,0.18,96,84,49
2075,0.12,0.19,94,84,51
2076,0.12,0.19,88,84,53
2077,0.11,0.19,85,84,55
2078,0.11,0.2,85,84,57
2079,0.11,0.2,82,84,59
2080,0.11,0.2,79,84,61
2081,0.11,0.21,79,84,63
2082,0.1,0.21,78,84,65
2083,0.1,0.21,76,84,67
2084,0.1,0.22,73,84,69
2085,0.1,0.22,72,84,71
2086,0.1,0.22,69,84,73
2087,0.1,0.22,67,84,75
2088,0.1,0.23,65,84,77
2089,0.09,0.23,65,84,79
2090,0.09,0.23,64,84,81
2091,0.09,0.23,62,84,83
2092,0.09,0.24,62,84,85
2093,0.09,0.24,62,84,87
2094,0.09,0.24,61,84,89
2095,0.09,0.24,61,84,91
2096,0.09,0.24,61,84,93
2097,0.09,0.25,58,84,95
2098,0.08,0.25,58,84,97
2099,0.08,0.25,58,84,99
2100,0.33,0.01,633,86,1
2101,0.28,0.03,409,86,3
2102,0.25,0.05,318,86,5
2103,0.23,0.06,267,86,7
2104,0.22,0.07,228,86,9
2105,0.21,0.08,205,86,11
2106,0.19,0.09,190,86,13
2107,0.18,0.09,179,86,15
2108,0.18,0.1,166,86,17
2109,0.17,0.11,157,86,19
2110,0.17,0.11,150,86,21
2111,0.16,0.12,143,86,23
2112,0.16,0.12,137,86,25
2113,0.15,0.13,132,86,27
2114,0.15,0.14,126,86,29
2115,0.14,0.14,122,86,31
2116,0.14,0.15,115,86,33
2117,0.14,0.15,114,86,35
2118,0.14,0.16,111,86,37
2119,0.13,0.16,104,86,39
2120,0.13,0.17,101,86,41
2121,0.13,0.17,98,86,43
2122,0.12,0.17,94,86,45
2123,0.12,0.18,91,86,47
2124,0.12,0.18,90,86,49
2125,0.12,0.19,85,86,51
2126,0.12,0.19,83,86,53
2127,0.11,0.19,80,86,55
2128,0.11,0.2,80,86,57
2129,0.11,0.2,76,86,59
2130,0.11,0.2,74,86,61
2131,0.11,0.21,73,86,63
2132,0.1,0.21,71,86,65
2133,0.1,0.21,70,86,67
2134,0.1,0.21,70,86,69
2135,0.1,0.22,69,86,71
2136,0.1,0.22,68,86,73
2137,0.1,0.22,66,86,75
2138,0.09,0.23,65,86,77
2139,0.09,0.23,65,86,79
2140,0.09,0.23,65,86,81
2141,0.09,0.23,64,86,83
2142,0.09,0.23,63,86,85
2143,0.09,0.24,62,86,87
2144,0.09,0.24,62,86,89
2145,0.09,0.24,62,86,91
2146,0.09,0.24,62,86,93
2147,0.08,0.24,62,86,95
2148,0.08,0.25,61,86,97
2149,0.08,0.25,60,86,99
2150,0.34,0.01,621,88,1
2151,0.28,0.03,431,88,3
2152,0.25,0.05,335,88,5
2153,0.23,0.06,282,88,7
2154,0.22,0.07,251,88,9
2155,0.21,0.08,225,88,11
2156,0.19,0.08,207,88,13
2157,0.19,0.09,195,88,15
2158,0.18,0.1,188,88,17
2159,0.17,0.11,179,88,19
2160,0.17,0.11,168,88,21
2161,0.16,0.12,161,88,23
2162,0.16,0.13,149,88,25
2163,0.15,0.13,138,88,27
2164,0.15,0.14,133,88,29
2165,0.15,0.14,128,88,31
2166,0.14,0.15,123,88,33
2167,0.14,0.15,118,88,35
2168,0.14,0.16,116,88,37
2169,0.13,0.16,113,88,39
2170,0.13,0.17,109,88,41
2171,0.13,0.17,106,88,43
2172,0.13,0.17,102,88,45
2173,0.12,0.18,100,88,47
2174,0.12,0.18,97,88,49
2175,0.12,0.19,92,88,51
2176,0.12,0.19,91,88,53
2177,0.11,0.19,90,88,55
2178,0.11,0.2,89,88,57
2179,0.11,0.2,85,88,59
2180,0.11,0.2,79,88,61
2181,0.11,0.21,78,88,63
2182,0.1,0.21,78,88,65
2183,0.1,0.21,77,88,67
2184,0.1,0.21,75,88,69
2185,0.1,0.22,71,88,71
2186,0.1,0.22,69,88,73
2187,0.1,0.22,64,88,75
2188,0.1,0.23,62,88,77
2189,0.09,0.23,62,88,79
2190,0.09,0.23,61,88,81
2191,0.09,0.23,60,88,83
2192,0.09,0.24,59,88,85
2193,0.09,0.24,59,88,87
2194,0.09,0.24,58,88,89
2195,0.09,0.24,58,88,91
2196,0.09,0.25,58,88,93
2197,0.09,0.25,57,88,95
2198,0.08,0.25,57,88,97
2199,0.08,0.25,57,88,99
2200,0.33,0.01,627,90,1
2201,0.27,0.03,444,90,3
2202,0.25,0.05,336,90,5
2203,0.23,0.06,281,90,7
2204,0.22,0.07,240,90,9
2205,0.21,0.08,217,90,11
2206,0.2,0.09,206,90,13
2207,0.19,0.09,195,90,15
2208,0.18,0.1,189,90,17
2209,0.17,0.11,180,90,19
2210,0.17,0.11,169,90,21
2211,0.16,0.12,161,90,23
2212,0.16,0.13,156,90,25
2213,0.15,0.13,146,90,27
2214,0.15,0.14,143,90,29
2215,0.15,0.14,134,90,31
2216,0.14,0.15,125,90,33
2217,0.14,0.15,116,90,35
2218,0.14,0.16,115,90,37
2219,0.13,0.16,114,90,39
2220,0.13,0.17,111,90,41
2221,0.13,0.17,106,90,43
2222,0.13,0.18,103,90,45
2223,0.12,0.18,99,90,47
2224,0.12,0.18,97,90,49
2225,0.12,0.19,91,90,51
2226,0.12,0.19,86,90,53
2227,0.11,0.2,85,90,55
2228,0.11,0.2,83,90,57
2229,0.11,0.2,81,90,59
2230,0.11,0.2,80,90,61
2231,0.11,0.21,80,90,63
2232,0.1,0.21,77,90,65
2233,0.1,0.21,77,90,67
2234,0.1,0.22,74,90,69
2235,0.1,0.22,71,90,71
2236,0.1,0.22,69,90,73
2237,0.1,0.23,66,90,75
2238,0.1,0.23,65,90,77
2239,0.09,0.23,65,90,79
2240,0.09,0.23,65,90,81
2241,0.09,0.24,65,90,83
2242,0.09,0.24,65,90,85
2243,0.09,0.24,65,90,87
2244,0.09,0.24,63,90,89
2245,0.09,0.24,63,90,91
2246,0.09,0.25,63,90,93
2247,0.09,0.25,60,90,95
2248,0.09,0.25,59,90,97
2249,0.08,0.25,59,90,99
2250,0.34,0.01,620,92,1
2251,0.28,0.03,425,92,3
2252,0.26,0.05,329,92,5
2253,0.24,0.06,273,92,7
2254,0.22,0.07,246,92,9
2255,0.21,0.08,224,92,11
2256,0.2,0.09,205,92,13
2257,0.19,0.09,197,92,15
2258,0.18,0.1,189,92,17
2259,0.17,0.11,179,92,19
2260,0.17,0.11,170,92,21
2261,0.16,0.12,162,92,23
2262,0.16,0.13,159,92,25
2263,0.16,0.13,152,92,27
2264,0.15,0.14,144,92,29
2265,0.15,0.14,133,92,31
2266,0.14,0.15,128,92,33
2267,0.14,0.15,125,92,35
2268,0.14,0.16,121,92,37
2269,0.14,0.16,114,92,39
2270,0.13,0.17,114,92,41
2271,0.13,0.17,108,92,43
2272,0.13,0.18,104,92,45
2273,0.12,0.18,100,92,47
2274,0.12,0.18,96,92,49
2275,0.12,0.19,93,92,51
2276,0.12,0.19,89,92,53
2277,0.12,0.2,89,92,55
2278,0.11,0.2,87,92,57
2279,0.11,0.2,84,92,59
2280,0.11,0.21,83,92,61
2281,0.11,0.21,83,92,63
2282,0.11,0.21,80,92,65
2283,0.1,0.22,80,92,67
2284,0.1,0.22,78,92,69
2285,0.1,0.22,76,92,71
2286,0.1,0.22,74,92,73
2287,0.1,0.23,74,92,75
2288,0.1,0.23,70,92,77
2289,0.1,0.23,68,92,79
2290,0.09,0.23,67,92,81
2291,0.09,0.24,67,92,83
2292,0.09,0.24,64,92,85
2293,0.09,0.24,64,92,87
2294,0.09,0.24,63,92,89
2295,0.09,0.25,62,92,91
2296,0.09,0.25,62,92,93
2297,0.09,0.25,61,92,95
2298,0.09,0.25,61,92,97
2299,0.09,0.25,59,92,99
2300,0.34,0.01,622,94,1
2301,0.27,0.03,436,94,3
2302,0.25,0.05,331,94,5
2303,0.24,0.06,283,94,7
2304,0.22,0.07,262,94,9
2305,0.2,0.07,236,94,11
2306,0.19,0.08,224,94,13
2307,0.19,0.09,211,94,15
2308,0.18,0.1,205,94,17
2309,0.17,0.1,198,94,19
2310,0.17,0.11,194,94,21
2311,0.16,0.12,180,94,23
2312,0.16,0.12,167,94,25
2313,0.15,0.13,163,94,27
2314,0.15,0.13,161,94,29
2315,0.15,0.14,152,94,31
2316,0.14,0.14,146,94,33
2317,0.14,0.15,141,94,35
2318,0.14,0.16,137,94,37
2319,0.13,0.16,132,94,39
2320,0.13,0.17,127,94,41
2321,0.13,0.17,119,94,43
2322,0.13,0.18,117,94,45
2323,0.12,0.18,110,94,47
2324,0.12,0.18,106,94,49
2325,0.12,0.19,102,94,51
2326,0.12,0.19,99,94,53
2327,0.12,0.2,97,94,55
2328,0.11,0.2,93,94,57
2329,0.11,0.2,91,94,59
2330,0.11,0.21,89,94,61
2331,0.11,0.21,87,94,63
2332,0.11,0.21,87,94,65
2333,0.11,0.22,86,94,67
2334,0.1,0.22,85,94,69
2335,0.1,0.22,85,94,71
2336,0.1,0.22,84,94,73
2337,0.1,0.23,82,94,75
2338,0.1,0.23,81,94,77
2339,0.1,0.23,79,94,79
2340,0.09,0.23,78,94,81
2341,0.09,0.24,77,94,83
2342,0.09,0.24,76,94,85
2343,0.09,0.24,74,94,87
2344,0.09,0.24,71,94,89
2345,0.09,0.25,70,94,91
2346,0.09,0.25,69,94,93
2347,0.09,0.25,69,94,95
2348,0.09,0.25,67,94,97
2349,0.09,0.25,66,94,99
2350,0.33,0.01,631,96,1
2351,0.28,0.03,423,96,3
2352,0.25,0.05,333,96,5
2353,0.23,0.06,288,96,7
2354,0.22,0.07,261,96,9
2355,0.2,0.07,239,96,11
2356,0.2,0.08,221,96,13
2357,0.19,0.09,204,96,15
2358,0.18,0.1,187,96,17
2359,0.17,0.11,180,96,19
2360,0.17,0.11,173,96,21
2361,0.16,0.12,169,96,23
2362,0.16,0.12,160,96,25
2363,0.15,0.13,152,96,27
2364,0.15,0.14,147,96,29
2365,0.15,0.14,135,96,31
2366,0.14,0.15,128,96,33
2367,0.14,0.15,123,96,35
2368,0.14,0.16,119,96,37
2369,0.13,0.16,114,96,39
2370,0.13,0.17,109,96,41
2371,0.13,0.17,105,96,43
2372,0.13,0.18,102,96,45
2373,0.12,0.18,98,96,47
2374,0.12,0.18,95,96,49
2375,0.12,0.19,94,96,51
2376,0.12,0.19,88,96,53
2377,0.12,0.2,84,96,55
2378,0.11,0.2,83,96,57
2379,0.11,0.2,82,96,59
2380,0.11,0.21,80,96,61
2381,0.11,0.21,79,96,63
2382,0.11,0.21,79,96,65
2383,0.11,0.22,78,96,67
2384,0.1,0.22,76,96,69
2385,0.1,0.22,75,96,71
2386,0.1,0.22,75,96,73
2387,0.1,0.23,73,96,75
2388,0.1,0.23,72,96,77
2389,0.1,0.23,70,96,79
2390,0.09,0.23,68,96,81
2391,0.09,0.24,68,96,83
2392,0.09,0.24,66,96,85
2393,0.09,0.24,64,96,87
2394,0.09,0.24,64,96,89
2395,0.09,0.25,62,96,91
2396,0.09,0.25,62,96,93
2397,0.09,0.25,62,96,95
2398,0.09,0.25,60,96,97
2399,0.08,0.26,60,96,99
2400,0.33,0.01,630,98,1
2401,0.28,0.03,430,98,3
2402,0.25,0.04,341,98,5
2403,0.23,0.06,296,98,7
2404,0.22,0.07,258,98,9
2405,0.21,0.07,235,98,11
2406,0.19,0.08,223,98,13
2407,0.19,0.09,203,98,15
2408,0.18,0.1,195,98,17
2409,0.17,0.1,186,98,19
2410,0.17,0.11,180,98,21
2411,0.16,0.12,175,98,23
2412,0.16,0.12,170,98,25
2413,0.15,0.13,159,98,27
2414,0.15,0.13,151,98,29
2415,0.15,0.14,147,98,31
2416,0.14,0.14,138,98,33
2417,0.14,0.15,128,98,35
2418,0.14,0.16,127,98,37
2419,0.13,0.16,122,98,39
2420,0.13,0.16,116,98,41
2421,0.13,0.17,110,98,43
2422,0.13,0.17,104,98,45
2423,0.12,0.18,99,98,47
2424,0.12,0.18,97,98,49
2425,0.12,0.19,95,98,51
2426,0.12,0.19,89,98,53
2427,0.11,0.19,85,98,55
2428,0.11,0.2,80,98,57
2429,0.11,0.2,79,98,59
2430,0.11,0.2,76,98,61
2431,0.11,0.21,74,98,63
2432,0.11,0.21,73,98,65
2433,0.1,0.21,72,98,67
2434,0.1,0.22,71,98,69
2435,0.1,0.22,68,98,71
2436,0.1,0.22,68,98,73
2437,0.1,0.23,68,98,75
2438,0.1,0.23,67,98,77
2439,0.1,0.23,64,98,79
2440,0.09,0.23,62,98,81
2441,0.09,0.24,62,98,83
2442,0.09,0.24,62,98,85
2443,0.09,0.24,61,98,87
2444,0.09,0.24,60,98,89
2445,0.09,0.24,60,98,91
2446,0.09,0.25,59,98,93
2447,0.09,0.25,58,98,95
2448,0.08,0.25,57,98,97
2449,0.08,0.25,56,98,99
